{"cameraMode":{"drawMode":0,"name":"Shaded","section":"Shading Mode"},"sceneLighting":true,"audioPlay":false,"sceneViewState":{"m_AlwaysRefresh":false,"showFog":true,"showSkybox":true,"showFlares":true,"showImageEffects":true,"showParticleSystems":true,"showVisualEffectGraphs":true,"m_FxEnabled":true},"in2DMode":false,"pivot":{"x":0.000050067901611328125,"y":1.205299735069275,"z":1.0700000524520875},"rotation":{"x":-0.2911761403083801,"y":0.10505451261997223,"z":-0.03218775615096092,"w":-0.9503411054611206},"size":2.272745370864868,"orthographic":false}